function,lines,bytes,trial,calls,elapsed_ms
SHA256, 1, 70, 1, 1000, 0.304000
SHA256, 1, 70, 2, 1000, 0.239500
SHA256, 1, 70, 3, 1000, 0.219700
SHA256, 1, 70, 4, 1000, 0.214600
SHA256, 1, 70, 5, 1000, 0.266900
SHA256, 2, 123, 1, 1000, 0.247600
SHA256, 2, 123, 2, 1000, 0.250900
SHA256, 2, 123, 3, 1000, 0.244900
SHA256, 2, 123, 4, 1000, 0.263200
SHA256, 2, 123, 5, 1000, 0.247400
SHA256, 4, 205, 1, 1000, 0.265100
SHA256, 4, 205, 2, 1000, 0.292600
SHA256, 4, 205, 3, 1000, 0.283200
SHA256, 4, 205, 4, 1000, 0.269600
SHA256, 4, 205, 5, 1000, 0.267100
SHA256, 8, 362, 1, 1000, 0.320200
SHA256, 8, 362, 2, 1000, 0.330700
SHA256, 8, 362, 3, 1000, 0.352800
SHA256, 8, 362, 4, 1000, 0.443800
SHA256, 8, 362, 5, 1000, 3.341100
SHA256, 16, 996, 1, 1000, 0.677100
SHA256, 16, 996, 2, 1000, 0.647500
SHA256, 16, 996, 3, 1000, 0.673700
SHA256, 16, 996, 4, 1000, 0.615600
SHA256, 16, 996, 5, 1000, 0.666400
SHA256, 32, 1841, 1, 1000, 1.004900
SHA256, 32, 1841, 2, 1000, 1.284900
SHA256, 32, 1841, 3, 1000, 1.251600
SHA256, 32, 1841, 4, 1000, 1.112200
SHA256, 32, 1841, 5, 1000, 1.085800
SHA256, 64, 3712, 1, 1000, 1.796300
SHA256, 64, 3712, 2, 1000, 1.867800
SHA256, 64, 3712, 3, 1000, 1.985300
SHA256, 64, 3712, 4, 1000, 1.900400
SHA256, 64, 3712, 5, 1000, 1.757000
SHA256, 128, 9155, 1, 1000, 4.135700
SHA256, 128, 9155, 2, 1000, 4.066400
SHA256, 128, 9155, 3, 1000, 4.314200
SHA256, 128, 9155, 4, 1000, 4.042700
SHA256, 128, 9155, 5, 1000, 4.082100
SHA256, 256, 20409, 1, 1000, 9.101700
SHA256, 256, 20409, 2, 1000, 9.186400
SHA256, 256, 20409, 3, 1000, 8.958500
SHA256, 256, 20409, 4, 1000, 9.077500
SHA256, 256, 20409, 5, 1000, 8.905500
SHA256, 512, 47434, 1, 1000, 20.845100
SHA256, 512, 47434, 2, 1000, 20.752400
SHA256, 512, 47434, 3, 1000, 20.936200
SHA256, 512, 47434, 4, 1000, 20.654500
SHA256, 512, 47434, 5, 1000, 20.897200
SHA256, 789, 75595, 1, 1000, 33.107000
SHA256, 789, 75595, 2, 1000, 33.058900
SHA256, 789, 75595, 3, 1000, 33.218800
SHA256, 789, 75595, 4, 1000, 32.679200
SHA256, 789, 75595, 5, 1000, 33.178300
